﻿pos_x,pos_y,rotation,side,designator,mpn,pack,value,mount_type,place
132.31,-78.486,180.0,top,C1,,CP_Radial_D4.0mm_P1.50mm,C,tht,True
171.426,-78.486,180.0,top,C2,,CP_Radial_D4.0mm_P1.50mm,C,tht,True
132.143,-53.895,0.0,top,H1,,MountingHole_6.4mm_M6,MountingHole,tht,True
174.181,-53.895,0.0,top,H2,,MountingHole_6.4mm_M6,MountingHole,tht,True
132.143,-133.938,0.0,top,H3,,MountingHole_6.4mm_M6,MountingHole,tht,True
174.054,-133.811,0.0,top,H4,,MountingHole_6.4mm_M6,MountingHole,tht,True
136.129,-84.525,-90.0,top,J1,,PinHeader_1x03_P2.54mm_Horizontal,Conn_01x03,tht,True
175.118,-84.779,-90.0,top,J2,,PinHeader_1x03_P2.54mm_Horizontal,Conn_01x03,tht,True
152.908,-123.867,0.0,top,J3,,BarrelJack_Wuerth_6941xx301002,Barrel_Jack,tht,True
136.093,-108.157,-90.0,top,J4,,"TerminalBlock_Phoenix_MKDS-1,5-3_1x03_P5.00mm_Horizontal",Screw_Terminal_01x03,tht,True
170.307,-118.157,90.0,top,J5,,"TerminalBlock_Phoenix_MKDS-1,5-3_1x03_P5.00mm_Horizontal",Screw_Terminal_01x03,tht,True
136.144,-80.645,90.0,top,R1,,R_Axial_DIN0207_L6.3mm_D2.5mm_P10.16mm_Horizontal,4k7,tht,True
175.133,-80.645,90.0,top,R2,,R_Axial_DIN0207_L6.3mm_D2.5mm_P10.16mm_Horizontal,4k7,tht,True
153.162,-57.125,0.0,top,U1,,esp32_devkit_v1_doit,ESP32_DevKit_V1_DOIT,smt,True
